상호명,시도명,시군구명
빽다방,경상남도,통영시
빽다방,전라북도,익산시
빽다방,제주특별자치도,서귀포시
빽다방,충청남도,논산시
빽다방,전라남도,순천시
빽다방,제주특별자치도,제주시
빽다방,경상남도,창원시 성산구
빽다방,경상북도,경산시
빽다방,경상북도,포항시 북구
빽다방,전라북도,전주시 덕진구
빽다방,경상남도,진주시
빽다방,경상북도,안동시
빽다방,경상남도,창원시 의창구
빽다방,충청남도,아산시
빽다방,제주특별자치도,제주시
빽다방,충청남도,아산시
빽다방,전라북도,전주시 완산구
빽다방,전라북도,익산시
빽다방,경상북도,경산시
빽다방,제주특별자치도,제주시
빽다방,충청남도,공주시
빽다방,전라북도,전주시 완산구
빽다방,제주특별자치도,서귀포시
빽다방,경상북도,구미시
빽다방,충청남도,천안시 동남구
빽다방,경상남도,창원시 마산회원구
천안두정중앙빽다방,충청남도,천안시 서북구
빽다방,경상남도,진주시
빽다방,전라남도,순천시
빽다방,경상남도,김해시
빽다방,경상북도,안동시
빽다방,충청남도,아산시
빽다방,제주특별자치도,제주시
빽다방,전라남도,여수시
빽다방,경상남도,창원시 마산합포구
빽다방경산하양중앙점,경상북도,경산시
빽다방,전라남도,여수시
빽다방양산터미널점,경상남도,양산시
빽다방,경상남도,통영시
빽다방,충청남도,당진시
빽다방,제주특별자치도,제주시
빽다방천안두정중앙점,충청남도,천안시 서북구
빽다방,전라남도,목포시
빽다방전북도청타운점,전라북도,전주시 완산구
빽다방,경상북도,경주시
빽다방인제대점,경상남도,김해시
빽다방,경상북도,구미시
빽다방,충청남도,천안시 서북구
빽다방거제고현터미널점,경상남도,거제시
빽다방,경상북도,경주시
빽다방,충청남도,천안시 서북구
빽다방,전라북도,전주시 완산구
빽다방,충청남도,홍성군
빽다방,경상북도,울진군
빽다방,경상남도,창원시 의창구
빽다방구미상모점,경상북도,구미시
빽다방여수웅천해변점,전라남도,여수시
빽다방경남고성송학점,경상남도,고성군
빽다방김해진영신도시점,경상남도,김해시
빽다방목포평화광장점,전라남도,목포시
빽다방,충청남도,천안시 동남구
빽다방,충청남도,아산시
빽다방전주대점,전라북도,전주시 완산구
빽다방,경상북도,포항시 북구
빽다방베이커리앤,제주특별자치도,서귀포시
빽다방,충청남도,서산시
빽다방,전라남도,광양시
빽다방,충청남도,천안시 서북구
빽다방,충청남도,천안시 동남구
빽다방,전라남도,무안군
빽다방정읍터미널점,전라북도,정읍시
빽다방당진읍내점,충청남도,당진시
빽다방,충청남도,당진시
빽다방,제주특별자치도,서귀포시
빽다방,경상남도,진주시
더본코리아_빽다방통영,경상남도,통영시
더본코리아_빽다방거제고현,경상남도,거제시
더본코리아_빽다방진주경상대,경상남도,진주시
더본코리아_빽다방경남,경상남도,고성군
빽다방,제주특별자치도,서귀포시
빽다방,경상남도,거창군
빽다방,전라남도,목포시
빽다방,충청남도,홍성군
빽다방,충청남도,보령시
빽다방,경상북도,예천군
빽다방,제주특별자치도,서귀포시
